accession,snp_index,position,ref_base,alt_base,delta_pred
7424,17,71,A,C,0.16078580402031128
2016,331,344,C,G,0.1570847641474949
9517,17,71,A,C,0.15690841181203463
5772,17,71,A,C,0.15650045076403776
6022,17,71,A,C,0.15360790549424974
9835,17,71,A,C,0.15328786595206134
6943,17,71,A,C,0.15328786595206134
1797,331,344,C,G,0.15308691141101272
6970,294,14,A,T,0.15302270522335037
9903,17,71,A,C,0.1512303216563975
9382,331,344,C,G,0.15058789107015175
350,17,71,A,C,0.1495222947026993
6163,331,344,C,G,0.14872403251661437
6192,17,71,A,C,0.14865802167952746
9629,331,344,C,G,0.14584554706101782
9943,331,344,C,G,0.14455086569762154
6008,17,71,A,C,0.14288692994884655
9722,17,71,A,C,0.14136347429745028
9383,17,71,A,C,0.14087031383299364
9450,331,344,C,G,0.14012280838141458
6923,17,71,A,C,0.13951334858082198
9451,331,344,C,G,0.139346554575449
8264,17,71,A,C,0.13819341889555448
6105,331,344,C,G,0.137780024747368
9638,17,71,A,C,0.13717033404437462
9848,331,344,C,G,0.13655837739157373
6166,331,344,C,G,0.13607844463729135
7248,331,344,C,G,0.13599915810711527
14312,331,344,C,G,0.13584848295864305
763,331,344,C,G,0.13584848295864305
15591,331,344,C,G,0.13584848295864282
6214,331,344,C,G,0.13584848295864282
8240,331,344,C,G,0.1358484829586428
9381,331,344,C,G,0.13584848295864277
6021,331,344,C,G,0.13584848295864277
9399,331,344,C,G,0.1358484829586427
9470,331,344,C,G,0.1358484829586427
6173,331,344,C,G,0.1358484829586427
6091,331,344,C,G,0.13584848295864266
14313,331,344,C,G,0.1358484829586426
544,331,344,C,G,0.1347638898082456
1793,331,344,C,G,0.1347638898082455
546,331,344,C,G,0.1347638898082455
2081,331,344,C,G,0.1347638898082455
2017,331,344,C,G,0.13476388980824539
2091,331,344,C,G,0.13476388980824539
2412,331,344,C,G,0.13476388980824527
2370,331,344,C,G,0.13476388980824516
7013,331,344,C,G,0.1344268229087681
9633,331,344,C,G,0.13439840952964244
9997,17,71,A,C,0.1331816618358842
9946,331,344,C,G,0.13312319913559767
9452,331,344,C,G,0.1330835229211138
8312,17,71,A,C,0.13307473702244335
7307,331,344,C,G,0.13174229378235547
6907,17,71,A,C,0.13138416599862857
7158,17,71,A,C,0.13090231612593406
8422,17,71,A,C,0.13047599382971412
6971,17,71,A,C,0.1300423606266432
430,331,344,C,G,0.12926797133110932
9529,331,344,C,G,0.12922623009020912
9914,17,71,A,C,0.12907170808508084
9528,17,71,A,C,0.12898494209300015
7071,17,71,A,C,0.12896204872502748
9612,17,71,A,C,0.1288899610487373
9875,17,71,A,C,0.12881737319228304
6967,17,71,A,C,0.12881737319228304
6904,17,71,A,C,0.12881737319228304
5776,17,71,A,C,0.12881737319228304
6944,17,71,A,C,0.12881737319228292
6908,17,71,A,C,0.12881737319228287
9867,17,71,A,C,0.1288173731922828
9764,17,71,A,C,0.1288173731922827
10022,17,73,G,C,0.12850327638675316
7280,17,71,A,C,0.12796656777531712
9775,17,71,A,C,0.12783775606533937
9846,17,71,A,C,0.12780169555700988
410,17,71,A,C,0.12774015308562606
9855,17,71,A,C,0.12772070530419732
8343,17,71,A,C,0.12770777594553281
9847,331,344,C,G,0.12765993752731264
9539,17,71,A,C,0.12736856590788914
9542,17,71,A,C,0.12690223525904787
6244,17,71,A,C,0.12689322277722503
7378,17,71,A,C,0.12663023825701708
9639,331,344,C,G,0.12655741939332055
9877,17,71,A,C,0.12602986504030744
6019,17,71,A,C,0.1260298650403073
9806,17,71,A,C,0.12602986504030728
6193,17,71,A,C,0.12602986504030725
6020,17,71,A,C,0.12602986504030722
6961,17,71,A,C,0.12602986504030722
9795,17,71,A,C,0.12602986504030722
9918,17,71,A,C,0.12602986504030717
9755,17,71,A,C,0.12584148432661468
9810,17,71,A,C,0.1254917741812816
9870,17,71,A,C,0.12507309370234565
6924,17,71,A,C,0.12506190880582735
7162,17,71,A,C,0.12295673839507532
6909,17,71,A,C,0.12252732013948894
9849,17,71,A,C,0.1219676521950297
9719,17,71,A,C,0.11954156361267221
6966,219,293,G,C,0.1191731456845434
7000,17,71,A,C,0.11742213531886592
9984,175,313,G,T,0.11489558460488418
5784,17,71,A,C,0.11360017564410646
351,17,71,A,C,0.10402315080157433
8235,243,509,T,G,0.09918433309292443
9983,331,344,C,G,0.09751990738108529
9874,17,71,A,C,0.091430299360376
