accession,step,snp_index,position,ref_base,alt_base,original_single_delta,step_delta,cumulative_delta,prediction_after_step
10022,1,17,73,G,C,0.12850327638675316,0.12850327638675316,0.12850327638675316,0.2616944186488105
14312,1,331,344,C,G,0.13584848295864305,0.13584848295864305,0.13584848295864305,-1.1384765817474813
14313,1,331,344,C,G,0.1358484829586426,0.1358484829586426,0.1358484829586426,-1.0169595657808645
15591,1,331,344,C,G,0.13584848295864282,0.13584848295864282,0.13584848295864282,-0.11930922839101187
1793,1,331,344,C,G,0.1347638898082455,0.1347638898082455,0.1347638898082455,-0.5880820059025568
1797,1,331,344,C,G,0.15308691141101272,0.15308691141101272,0.15308691141101272,-0.5606014929832678
2016,1,331,344,C,G,0.1570847641474949,0.1570847641474949,0.1570847641474949,0.5017024200921572
2017,1,331,344,C,G,0.13476388980824539,0.13476388980824539,0.13476388980824539,-0.5571953347219714
2081,1,331,344,C,G,0.1347638898082455,0.1347638898082455,0.1347638898082455,-0.4110338890252827
2091,1,331,344,C,G,0.13476388980824539,0.13476388980824539,0.13476388980824539,-0.587127159768247
2370,1,331,344,C,G,0.13476388980824516,0.13476388980824516,0.13476388980824516,-0.5804296592896057
2412,1,331,344,C,G,0.13476388980824527,0.13476388980824527,0.13476388980824527,-0.522910831698312
350,1,17,71,A,C,0.1495222947026993,0.1495222947026993,0.1495222947026993,0.6587932872920443
351,1,17,71,A,C,0.10402315080157433,0.10402315080157433,0.10402315080157433,0.2021081689664775
410,1,17,71,A,C,0.12774015308562606,0.12774015308562606,0.12774015308562606,0.23149575504739112
430,1,331,344,C,G,0.12926797133110932,0.12926797133110932,0.12926797133110932,0.12605015021487612
544,1,331,344,C,G,0.1347638898082456,0.1347638898082456,0.1347638898082456,-0.5694443453130331
546,1,331,344,C,G,0.1347638898082455,0.1347638898082455,0.1347638898082455,-0.5776333767039737
5772,1,17,71,A,C,0.15650045076403776,0.15650045076403776,0.15650045076403776,0.3020267987368899
5776,1,17,71,A,C,0.12881737319228304,0.12881737319228304,0.12881737319228304,0.8372574321283792
5784,1,17,71,A,C,0.11360017564410646,0.11360017564410646,0.11360017564410646,0.3414037334161051
6008,1,17,71,A,C,0.14288692994884655,0.14288692994884655,0.14288692994884655,-0.047509091004001525
6019,1,17,71,A,C,0.1260298650403073,0.1260298650403073,0.1260298650403073,0.30944517201872956
6020,1,17,71,A,C,0.12602986504030722,0.12602986504030722,0.12602986504030722,-0.08640389607868036
6021,1,331,344,C,G,0.13584848295864277,0.13584848295864277,0.13584848295864277,-0.29340641507022397
6022,1,17,71,A,C,0.15360790549424974,0.15360790549424974,0.15360790549424974,-0.14410160985005688
6091,1,331,344,C,G,0.13584848295864266,0.13584848295864266,0.13584848295864266,0.29839615463018077
6105,1,331,344,C,G,0.137780024747368,0.137780024747368,0.137780024747368,0.11659120497580737
6163,1,331,344,C,G,0.14872403251661437,0.14872403251661437,0.14872403251661437,-1.4700291344451344
6166,1,331,344,C,G,0.13607844463729135,0.13607844463729135,0.13607844463729135,-1.3778925391595938
6173,1,331,344,C,G,0.1358484829586427,0.1358484829586427,0.1358484829586427,-0.8939682779072692
6192,1,17,71,A,C,0.14865802167952746,0.14865802167952746,0.14865802167952746,-0.023673320524798813
6193,1,17,71,A,C,0.12602986504030725,0.12602986504030725,0.12602986504030725,0.06571356038282479
6214,1,331,344,C,G,0.13584848295864282,0.13584848295864282,0.13584848295864282,-0.7446919103635161
6244,1,17,71,A,C,0.12689322277722503,0.12689322277722503,0.12689322277722503,-1.226852412015449
6904,1,17,71,A,C,0.12881737319228304,0.12881737319228304,0.12881737319228304,1.0368130864202827
6907,1,17,71,A,C,0.13138416599862857,0.13138416599862857,0.13138416599862857,0.7001935133677065
6908,1,17,71,A,C,0.12881737319228287,0.12881737319228287,0.12881737319228287,0.6152273423503226
6909,1,17,71,A,C,0.12252732013948894,0.12252732013948894,0.12252732013948894,0.03087069508359546
6923,1,17,71,A,C,0.13951334858082198,0.13951334858082198,0.13951334858082198,1.3063190787194456
6924,1,17,71,A,C,0.12506190880582735,0.12506190880582735,0.12506190880582735,0.703213121429992
6943,1,17,71,A,C,0.15328786595206134,0.15328786595206134,0.15328786595206134,0.996332393245561
6944,1,17,71,A,C,0.12881737319228292,0.12881737319228292,0.12881737319228292,0.40783381100190375
6961,1,17,71,A,C,0.12602986504030722,0.12602986504030722,0.12602986504030722,0.9936543080148984
6966,1,219,293,G,C,0.1191731456845434,0.1191731456845434,0.1191731456845434,0.6224612278600802
6967,1,17,71,A,C,0.12881737319228304,0.12881737319228304,0.12881737319228304,1.024125461724746
6970,1,294,14,A,T,0.15302270522335037,0.15302270522335037,0.15302270522335037,1.3058126804611985
6971,1,17,71,A,C,0.1300423606266432,0.1300423606266432,0.1300423606266432,0.782878038758131
7000,1,17,71,A,C,0.11742213531886592,0.11742213531886592,0.11742213531886592,0.4081156384585506
7013,1,331,344,C,G,0.1344268229087681,0.1344268229087681,0.1344268229087681,-0.028119698304586778
7071,1,17,71,A,C,0.12896204872502748,0.12896204872502748,0.12896204872502748,1.0607690379678698
7158,1,17,71,A,C,0.13090231612593406,0.13090231612593406,0.13090231612593406,0.051744721857357165
7162,1,17,71,A,C,0.12295673839507532,0.12295673839507532,0.12295673839507532,0.47960561004813645
7248,1,331,344,C,G,0.13599915810711527,0.13599915810711527,0.13599915810711527,-0.5861897364085403
7280,1,17,71,A,C,0.12796656777531712,0.12796656777531712,0.12796656777531712,0.7881965052964149
7307,1,331,344,C,G,0.13174229378235547,0.13174229378235547,0.13174229378235547,1.0708969692709849
7378,1,17,71,A,C,0.12663023825701708,0.12663023825701708,0.12663023825701708,0.24157207676931317
7424,1,17,71,A,C,0.16078580402031128,0.16078580402031128,0.16078580402031128,0.06241282555635754
763,1,331,344,C,G,0.13584848295864305,0.13584848295864305,0.13584848295864305,-2.201704336187143
8235,1,243,509,T,G,0.09918433309292443,0.09918433309292443,0.09918433309292443,-0.24087863655391936
8240,1,331,344,C,G,0.1358484829586428,0.1358484829586428,0.1358484829586428,-0.13736249204682435
8264,1,17,71,A,C,0.13819341889555448,0.13819341889555448,0.13819341889555448,1.2941047713885554
8312,1,17,71,A,C,0.13307473702244335,0.13307473702244335,0.13307473702244335,0.3729673207763082
8343,1,17,71,A,C,0.12770777594553281,0.12770777594553281,0.12770777594553281,0.3146420763478823
8422,1,17,71,A,C,0.13047599382971412,0.13047599382971412,0.13047599382971412,0.18553098909625323
9381,1,331,344,C,G,0.13584848295864277,0.13584848295864277,0.13584848295864277,-0.10423836008594436
9382,1,331,344,C,G,0.15058789107015175,0.15058789107015175,0.15058789107015175,-0.0627438158410205
9383,1,17,71,A,C,0.14087031383299364,0.14087031383299364,0.14087031383299364,-0.32137706956193257
9399,1,331,344,C,G,0.1358484829586427,0.1358484829586427,0.1358484829586427,0.05144005322989055
9450,1,331,344,C,G,0.14012280838141458,0.14012280838141458,0.14012280838141458,-0.15021480179211952
9451,1,331,344,C,G,0.139346554575449,0.139346554575449,0.139346554575449,0.31493573795810076
9452,1,331,344,C,G,0.1330835229211138,0.1330835229211138,0.1330835229211138,0.4839523638597739
9470,1,331,344,C,G,0.1358484829586427,0.1358484829586427,0.1358484829586427,0.1982521546426121
9517,1,17,71,A,C,0.15690841181203463,0.15690841181203463,0.15690841181203463,1.0422937326497541
9528,1,17,71,A,C,0.12898494209300015,0.12898494209300015,0.12898494209300015,0.8458071675406377
9529,1,331,344,C,G,0.12922623009020912,0.12922623009020912,0.12922623009020912,0.5945207760669845
9539,1,17,71,A,C,0.12736856590788914,0.12736856590788914,0.12736856590788914,1.2505070750548741
9542,1,17,71,A,C,0.12690223525904787,0.12690223525904787,0.12690223525904787,0.8915901975179941
9612,1,17,71,A,C,0.1288899610487373,0.1288899610487373,0.1288899610487373,-1.2167998935286597
9629,1,331,344,C,G,0.14584554706101782,0.14584554706101782,0.14584554706101782,-2.234747982708969
9633,1,331,344,C,G,0.13439840952964244,0.13439840952964244,0.13439840952964244,-1.7664267022825983
9638,1,17,71,A,C,0.13717033404437462,0.13717033404437462,0.13717033404437462,-2.3574152963729618
9639,1,331,344,C,G,0.12655741939332055,0.12655741939332055,0.12655741939332055,-2.1224262599387878
9719,1,17,71,A,C,0.11954156361267221,0.11954156361267221,0.11954156361267221,0.8128038843861153
9722,1,17,71,A,C,0.14136347429745028,0.14136347429745028,0.14136347429745028,-0.12338665787380175
9755,1,17,71,A,C,0.12584148432661468,0.12584148432661468,0.12584148432661468,0.36232281167383007
9764,1,17,71,A,C,0.1288173731922827,0.1288173731922827,0.1288173731922827,0.7625606572373803
9775,1,17,71,A,C,0.12783775606533937,0.12783775606533937,0.12783775606533937,0.38973514539067716
9795,1,17,71,A,C,0.12602986504030722,0.12602986504030722,0.12602986504030722,0.19299164993621518
9806,1,17,71,A,C,0.12602986504030728,0.12602986504030728,0.12602986504030728,-0.08928536285630875
9810,1,17,71,A,C,0.1254917741812816,0.1254917741812816,0.1254917741812816,0.2256485411894085
9835,1,17,71,A,C,0.15328786595206134,0.15328786595206134,0.15328786595206134,1.5294105275776773
9846,1,17,71,A,C,0.12780169555700988,0.12780169555700988,0.12780169555700988,0.5855006251347702
9847,1,331,344,C,G,0.12765993752731264,0.12765993752731264,0.12765993752731264,1.0760909452875915
9848,1,331,344,C,G,0.13655837739157373,0.13655837739157373,0.13655837739157373,0.905793018354233
9849,1,17,71,A,C,0.1219676521950297,0.1219676521950297,0.1219676521950297,0.9855881051079592
9855,1,17,71,A,C,0.12772070530419732,0.12772070530419732,0.12772070530419732,1.2526108771937523
9867,1,17,71,A,C,0.1288173731922828,0.1288173731922828,0.1288173731922828,0.9006383796848373
9870,1,17,71,A,C,0.12507309370234565,0.12507309370234565,0.12507309370234565,0.9418665174976747
9874,1,17,71,A,C,0.091430299360376,0.091430299360376,0.091430299360376,0.5488060240220946
9875,1,17,71,A,C,0.12881737319228304,0.12881737319228304,0.12881737319228304,0.8829803811530085
9877,1,17,71,A,C,0.12602986504030744,0.12602986504030744,0.12602986504030744,0.9113545062781933
9903,1,17,71,A,C,0.1512303216563975,0.1512303216563975,0.1512303216563975,0.5653055256883975
9914,1,17,71,A,C,0.12907170808508084,0.12907170808508084,0.12907170808508084,1.0593711301929056
9918,1,17,71,A,C,0.12602986504030717,0.12602986504030717,0.12602986504030717,0.5279586614524565
9943,1,331,344,C,G,0.14455086569762154,0.14455086569762154,0.14455086569762154,1.3001758053933965
9946,1,331,344,C,G,0.13312319913559767,0.13312319913559767,0.13312319913559767,1.2040903186438061
9983,1,331,344,C,G,0.09751990738108529,0.09751990738108529,0.09751990738108529,0.8376730231739616
9984,1,175,313,G,T,0.11489558460488418,0.11489558460488418,0.11489558460488418,0.23791689739802804
9997,1,17,71,A,C,0.1331816618358842,0.1331816618358842,0.1331816618358842,0.5646361748690585
